{
    "rmse": 0.6583736237861072,
    "mae": 0.5211894450124707,
    "r2": 0.2570734908082388
}